timestep,config_from,config_to,weight
0,0,262144,0.6770532243717149
1,262144,278528,0.6529241078084733
