timestep,config_from,config_to,weight
0,1017478,1017734,0.967032750641976
1,1017734,1025926,0.6914248017962052
