timestep,config_from,config_to,weight
0,1031685,1031687,0.9468941893613227
1,1031687,1027591,0.8657329608614719
2,1027591,1027719,0.6474796826195047
3,1027719,1027975,0.9383207181181958
