timestep,config_from,config_to,weight
0,126854,651142,0.664262258923366
1,651142,634758,0.7503173674864232
