timestep,config_from,config_to,weight
0,1041286,1042310,0.638349910065423
1,1042310,1025926,0.7661146643222767
