timestep,config_from,config_to,weight
0,1041288,1041280,0.970411522223002
1,1041280,516992,0.5914319013088974
