timestep,config_from,config_to,weight
0,1027968,1027970,0.713421030372559
1,1027970,1027974,0.7572858147654482
2,1027974,1025926,0.5731900239015462
