timestep,config_from,config_to,weight
0,1044230,1044358,0.9294097123703958
1,1044358,1027974,0.6390566210315523
2,1027974,1025926,0.5731900239015462
