timestep,config_from,config_to,weight
0,1025795,1025923,0.9580265981044008
1,1025923,1025927,0.8398180772584959
2,1025927,1025926,0.6245938532617195
