timestep,config_from,config_to,weight
0,1042054,1042310,0.9069601382266458
1,1042310,1025926,0.7661146643222767
