timestep,config_from,config_to,weight
0,1032070,1027974,0.7419227251278151
1,1027974,1025926,0.5731900239015462
