timestep,config_from,config_to,weight
0,1032110,1032102,0.8660685186571973
1,1032102,1032070,0.9085592798904869
2,1032070,1027974,0.7419227251278151
3,1027974,1025926,0.5731900239015462
