timestep,config_from,config_to,weight
0,100225,100224,0.9699139739512092
1,100224,362368,0.7297156639773867
