timestep,config_from,config_to,weight
0,114566,638854,0.7321387736741042
1,638854,634758,0.5968302240813744
