timestep,config_from,config_to,weight
0,1033990,1034118,0.8558498229896566
1,1034118,1017734,0.8855345420698709
2,1017734,1025926,0.6914248017962052
