timestep,config_from,config_to,weight
0,1048230,1048486,0.9526871954215697
1,1048486,1048454,0.8946293755105741
2,1048454,1044358,0.7372214303747204
3,1044358,1027974,0.6390566210315523
4,1027974,1025926,0.5731900239015462
