timestep,config_from,config_to,weight
0,1041920,1025536,0.6716682417688787
1,1025536,1025538,0.6079817199526527
