timestep,config_from,config_to,weight
0,114560,110464,0.7363388726025148
1,110464,634752,0.6536639703052358
2,634752,634754,0.6094013253923004
3,634754,634758,0.5867541980209421
