timestep,config_from,config_to,weight
0,1040902,1041926,0.5772974564006407
1,1041926,1025542,0.5805536740483261
2,1025542,1025538,0.5377368980393449
