timestep,config_from,config_to,weight
0,1042305,1025921,0.8193864861670073
1,1025921,1025920,0.7521610675734912
2,1025920,1025922,0.6583489202935716
3,1025922,1025926,0.7004168994110436
