timestep,config_from,config_to,weight
0,1027969,1027971,0.6694159565826118
1,1027971,1027975,0.8749493789514026
