timestep,config_from,config_to,weight
0,1017730,1017734,0.7446183036994296
1,1017734,1025926,0.6914248017962052
