timestep,config_from,config_to,weight
0,1027970,1027974,0.7572858147654482
1,1027974,1025926,0.5731900239015462
