timestep,config_from,config_to,weight
0,118534,118662,0.8217719371985341
1,118662,126854,0.8417321352984772
2,126854,651142,0.664262258923366
3,651142,634758,0.7503173674864232
