timestep,config_from,config_to,weight
0,1036215,1044407,0.9533713625625932
1,1044407,1044391,0.8824649077872959
2,1044391,1044359,0.9822077487938145
3,1044359,1027975,0.6239326556300314
