timestep,config_from,config_to,weight
0,1044355,1044359,0.9180500832966497
1,1044359,1027975,0.6239326556300314
