timestep,config_from,config_to,weight
0,1027982,1027974,0.9865247309047536
1,1027974,1025926,0.5731900239015462
