timestep,config_from,config_to,weight
0,1031815,1032071,0.9616132054558344
1,1032071,1027975,0.7689197195763046
