timestep,config_from,config_to,weight
0,1042306,1025922,0.8398613912725171
1,1025922,1025926,0.7004168994110436
