timestep,config_from,config_to,weight
0,1047431,1048455,0.9022149401058418
1,1048455,1044359,0.7645541501312899
2,1044359,1027975,0.6239326556300314
