timestep,config_from,config_to,weight
0,1017606,1017734,0.9044146682211521
1,1017734,1025926,0.6914248017962052
