timestep,config_from,config_to,weight
0,1017732,1017734,0.9444244695585843
1,1017734,1025926,0.6914248017962052
