timestep,config_from,config_to,weight
0,1048454,1044358,0.7372214303747204
1,1044358,1027974,0.6390566210315523
2,1027974,1025926,0.5731900239015462
