timestep,config_from,config_to,weight
0,1044358,1027974,0.6390566210315523
1,1027974,1025926,0.5731900239015462
