timestep,config_from,config_to,weight
0,125826,126850,0.7989478418804905
1,126850,110466,0.7495631498324361
2,110466,634754,0.7751177634770059
3,634754,634758,0.5867541980209421
