timestep,config_from,config_to,weight
0,1024903,1025927,0.9151615654610887
1,1025927,1025926,0.6245938532617195
