timestep,config_from,config_to,weight
0,1041024,1041280,0.7185142662069415
1,1041280,516992,0.5914319013088974
