timestep,config_from,config_to,weight
0,1016839,1017351,0.7337901210415378
1,1017351,1017350,0.7891605538026442
2,1017350,1025542,0.6756490905999692
3,1025542,1025538,0.5377368980393449
