timestep,config_from,config_to,weight
0,115332,115328,0.8816387226349789
1,115328,115200,0.8602744073878896
2,115200,377344,0.7240096742070377
3,377344,385536,0.5000341090424967
