timestep,config_from,config_to,weight
0,1016833,1016832,0.7189887517760609
1,1016832,1017344,0.7994139476449438
2,1017344,1025536,0.6725500650506915
3,1025536,1025538,0.6079817199526527
