timestep,config_from,config_to,weight
0,1043334,1044358,0.8995685563397544
1,1044358,1027974,0.6390566210315523
2,1027974,1025926,0.5731900239015462
