timestep,config_from,config_to,weight
0,1044353,1027969,0.7103259226914191
1,1027969,1027971,0.6694159565826118
2,1027971,1027975,0.8749493789514026
