timestep,config_from,config_to,weight
0,122758,130950,0.8684119921176094
1,130950,114566,0.6459257785633027
2,114566,638854,0.7321387736741042
3,638854,634758,0.5968302240813744
