timestep,config_from,config_to,weight
0,1017735,1025927,0.7712781028768025
1,1025927,1025926,0.6245938532617195
