timestep,config_from,config_to,weight
0,1011200,1043968,0.9635465532474315
1,1043968,1041920,0.6565680296584218
2,1041920,1025536,0.6716682417688787
3,1025536,1025538,0.6079817199526527
