timestep,config_from,config_to,weight
0,100226,362370,0.7309482002841141
1,362370,362374,0.8059750799604684
