timestep,config_from,config_to,weight
0,1042304,1025920,0.8288067756302491
1,1025920,1025922,0.6583489202935716
2,1025922,1025926,0.7004168994110436
