timestep,config_from,config_to,weight
0,117248,115200,0.914939802308459
1,115200,377344,0.7240096742070377
2,377344,385536,0.5000341090424967
