timestep,config_from,config_to,weight
0,108416,370560,0.7080495418778321
1,370560,362368,0.6820200551545904
