timestep,config_from,config_to,weight
0,1016322,1017346,0.8703578309388497
1,1017346,1025538,0.7220546757154818
