timestep,config_from,config_to,weight
0,1033090,1041282,0.8657352524576923
1,1041282,1041286,0.7743384742159005
2,1041286,1042310,0.638349910065423
3,1042310,1025926,0.7661146643222767
