timestep,config_from,config_to,weight
0,123399,123398,0.9482293056536701
1,123398,385542,0.8726193836393102
