timestep,config_from,config_to,weight
0,1042311,1025927,0.7542674233255979
1,1025927,1025926,0.6245938532617195
