timestep,config_from,config_to,weight
0,1016832,1017344,0.7994139476449438
1,1017344,1025536,0.6725500650506915
2,1025536,1025538,0.6079817199526527
