timestep,config_from,config_to,weight
0,1048455,1044359,0.7645541501312899
1,1044359,1027975,0.6239326556300314
