timestep,config_from,config_to,weight
0,296836,362372,0.9639027189188846
1,362372,362374,0.8544048786549023
