timestep,config_from,config_to,weight
0,239488,501632,0.9549359469643016
1,501632,1025920,0.6607040949218431
2,1025920,1025922,0.6583489202935716
3,1025922,1025926,0.7004168994110436
