timestep,config_from,config_to,weight
0,376832,377344,0.736989681016911
1,377344,385536,0.5000341090424967
