timestep,config_from,config_to,weight
0,361346,362370,0.8393893922004987
1,362370,362374,0.8059750799604684
