timestep,config_from,config_to,weight
0,388998,520070,0.6320072739897977
1,520070,1044358,0.6915726708850629
2,1044358,1027974,0.6390566210315523
3,1027974,1025926,0.5731900239015462
