timestep,config_from,config_to,weight
0,377348,377344,0.8326584430305362
1,377344,385536,0.5000341090424967
