timestep,config_from,config_to,weight
0,33792,99328,0.7888611198355316
1,99328,99840,0.8289524308408236
2,99840,361984,0.6927401863407083
