timestep,config_from,config_to,weight
0,388999,520071,0.8633956772692069
1,520071,1044359,0.7645071820921332
2,1044359,1027975,0.6239326556300314
