timestep,config_from,config_to,weight
0,372610,372614,0.8163497787279829
1,372614,370566,0.682386283500618
2,370566,362374,0.6789529769886289
