timestep,config_from,config_to,weight
0,370438,370566,0.9086906077708063
1,370566,362374,0.6789529769886289
