timestep,config_from,config_to,weight
0,364420,362372,0.9223233858368853
1,362372,362374,0.8544048786549023
