timestep,config_from,config_to,weight
0,370564,370566,0.8812698506070699
1,370566,362374,0.6789529769886289
