timestep,config_from,config_to,weight
0,311808,377344,0.9413568186991936
1,377344,385536,0.5000341090424967
