timestep,config_from,config_to,weight
0,369280,369536,0.8267717292209498
1,369536,370560,0.7048235034593371
2,370560,362368,0.6820200551545904
