timestep,config_from,config_to,weight
0,362242,362370,0.7029047500608606
1,362370,362374,0.8059750799604684
