timestep,config_from,config_to,weight
0,377600,377344,0.7893177415635309
1,377344,385536,0.5000341090424967
