timestep,config_from,config_to,weight
0,369543,369542,0.908006817024492
1,369542,370566,0.8537059844886666
2,370566,362374,0.6789529769886289
