timestep,config_from,config_to,weight
0,372614,370566,0.682386283500618
1,370566,362374,0.6789529769886289
