timestep,config_from,config_to,weight
0,376838,377350,0.8379676198595138
1,377350,385542,0.5035606686574602
