timestep,config_from,config_to,weight
0,329222,361990,0.9669191736432277
1,361990,362246,0.6021840608916169
2,362246,362374,0.8203304115691772
