timestep,config_from,config_to,weight
0,347910,380678,0.932023447374501
1,380678,378630,0.8348302518885821
2,378630,362246,0.779710584033406
3,362246,362374,0.8203304115691772
