timestep,config_from,config_to,weight
0,392710,388614,0.9158190095542796
1,388614,386566,0.6395090718538539
2,386566,385542,0.5486619874394216
