timestep,config_from,config_to,weight
0,370630,370566,0.9913542875428499
1,370566,362374,0.6789529769886289
