timestep,config_from,config_to,weight
0,491520,360448,0.7194424087765372
1,360448,360960,0.7845278870970436
2,360960,361984,0.6434991557275478
