timestep,config_from,config_to,weight
0,493447,493446,0.7837941511261377
1,493446,362374,0.6891750288781888
