timestep,config_from,config_to,weight
0,484230,516998,0.9805605539858374
1,516998,1041286,0.5379252545980628
2,1041286,1042310,0.638349910065423
3,1042310,1025926,0.7661146643222767
