timestep,config_from,config_to,weight
0,450567,516103,0.8333824664169909
1,516103,516615,0.7866795548902474
2,516615,516614,0.7897832373157192
3,516614,385542,0.5901906309601437
