timestep,config_from,config_to,weight
0,436102,501638,0.9861265402927646
1,501638,1025926,0.7664394553105242
