timestep,config_from,config_to,weight
0,493442,493446,0.7595996291814455
1,493446,362374,0.6891750288781888
