timestep,config_from,config_to,weight
0,503558,503686,0.9050817542477456
1,503686,1027974,0.7828240474412461
2,1027974,1025926,0.5731900239015462
