timestep,config_from,config_to,weight
0,501506,501634,0.8292520695822454
1,501634,1025922,0.7805180121108464
2,1025922,1025926,0.7004168994110436
