timestep,config_from,config_to,weight
0,507778,507782,0.8832838535123766
1,507782,1032070,0.755956308721346
2,1032070,1027974,0.7419227251278151
3,1027974,1025926,0.5731900239015462
