timestep,config_from,config_to,weight
0,516998,1041286,0.5379252545980628
1,1041286,1042310,0.638349910065423
2,1042310,1025926,0.7661146643222767
