timestep,config_from,config_to,weight
0,522118,518022,0.9402315513617259
1,518022,1042310,0.6711953156724686
2,1042310,1025926,0.7661146643222767
