timestep,config_from,config_to,weight
0,517638,1041926,0.6898779584084749
1,1041926,1025542,0.5805536740483261
2,1025542,1025538,0.5377368980393449
