timestep,config_from,config_to,weight
0,524165,524167,0.9180206581595952
1,524167,520071,0.7361878703078795
2,520071,1044359,0.7645071820921332
3,1044359,1027975,0.6239326556300314
