timestep,config_from,config_to,weight
0,519686,1043974,0.7095984291158188
1,1043974,1041926,0.5258151334277352
2,1041926,1025542,0.5805536740483261
3,1025542,1025538,0.5377368980393449
