timestep,config_from,config_to,weight
0,503686,1027974,0.7828240474412461
1,1027974,1025926,0.5731900239015462
