timestep,config_from,config_to,weight
0,501634,1025922,0.7805180121108464
1,1025922,1025926,0.7004168994110436
