timestep,config_from,config_to,weight
0,519815,520071,0.9608849914856602
1,520071,1044359,0.7645071820921332
2,1044359,1027975,0.6239326556300314
