timestep,config_from,config_to,weight
0,508422,377350,0.7626115599655044
1,377350,385542,0.5035606686574602
