timestep,config_from,config_to,weight
0,503682,1027970,0.7961776186976364
1,1027970,1027974,0.7572858147654482
2,1027974,1025926,0.5731900239015462
