timestep,config_from,config_to,weight
0,524167,520071,0.7361878703078795
1,520071,1044359,0.7645071820921332
2,1044359,1027975,0.6239326556300314
