timestep,config_from,config_to,weight
0,511879,520071,0.9413083469079544
1,520071,1044359,0.7645071820921332
2,1044359,1027975,0.6239326556300314
