timestep,config_from,config_to,weight
0,558594,624130,0.9385289581831399
1,624130,624128,0.5654620545627167
2,624128,99840,0.5315093944158922
3,99840,361984,0.6927401863407083
