timestep,config_from,config_to,weight
0,516865,516993,0.9165501112548561
1,516993,516992,0.8209314938151598
