timestep,config_from,config_to,weight
0,517632,516608,0.7583232914851987
1,516608,385536,0.6346402927574054
