timestep,config_from,config_to,weight
0,520071,1044359,0.7645071820921332
1,1044359,1027975,0.6239326556300314
