timestep,config_from,config_to,weight
0,500224,516608,0.8117913414493676
1,516608,385536,0.6346402927574054
