timestep,config_from,config_to,weight
0,638886,638854,0.8534653516706123
1,638854,634758,0.5968302240813744
