timestep,config_from,config_to,weight
0,638470,634374,0.7415038223835339
1,634374,634370,0.6570004714210054
