timestep,config_from,config_to,weight
0,634498,634754,0.8104287829643941
1,634754,634758,0.5867541980209421
