timestep,config_from,config_to,weight
0,651170,651138,0.9656646723344193
1,651138,634754,0.8279263874538827
2,634754,634758,0.5867541980209421
