timestep,config_from,config_to,weight
0,638848,634752,0.764694105589681
1,634752,634754,0.6094013253923004
2,634754,634758,0.5867541980209421
