timestep,config_from,config_to,weight
0,650759,650758,0.8663285319236176
1,650758,634374,0.5594305869811175
2,634374,634370,0.6570004714210054
