timestep,config_from,config_to,weight
0,655286,655270,0.7638889938355429
1,655270,655238,0.832688103376316
2,655238,638854,0.7457165828894072
3,638854,634758,0.5968302240813744
