timestep,config_from,config_to,weight
0,648070,910214,0.7520039410927415
1,910214,1041286,0.7924629360434594
2,1041286,1042310,0.638349910065423
3,1042310,1025926,0.7661146643222767
