timestep,config_from,config_to,weight
0,632448,634496,0.5493666064082703
1,634496,634752,0.6441479787889796
2,634752,634754,0.6094013253923004
3,634754,634758,0.5867541980209421
