timestep,config_from,config_to,weight
0,638850,634754,0.7681594005436553
1,634754,634758,0.5867541980209421
