timestep,config_from,config_to,weight
0,631680,632704,0.7708701118514785
1,632704,634752,0.6466989446853382
2,634752,634754,0.6094013253923004
3,634754,634758,0.5867541980209421
