timestep,config_from,config_to,weight
0,655238,638854,0.7457165828894072
1,638854,634758,0.5968302240813744
