timestep,config_from,config_to,weight
0,634752,634754,0.6094013253923004
1,634754,634758,0.5867541980209421
