timestep,config_from,config_to,weight
0,692102,757638,0.9739516150447288
1,757638,765830,0.9143158720305193
2,765830,1027974,0.7867358668793154
3,1027974,1025926,0.5731900239015462
