timestep,config_from,config_to,weight
0,634496,634752,0.6441479787889796
1,634752,634754,0.6094013253923004
2,634754,634758,0.5867541980209421
