timestep,config_from,config_to,weight
0,654262,655286,0.7565385914915048
1,655286,655270,0.7638889938355429
2,655270,655238,0.832688103376316
3,655238,638854,0.7457165828894072
4,638854,634758,0.5968302240813744
