timestep,config_from,config_to,weight
0,632706,634754,0.7028012169207811
1,634754,634758,0.5867541980209421
