timestep,config_from,config_to,weight
0,648838,650886,0.795438619710539
1,650886,651142,0.8022590700872994
2,651142,634758,0.7503173674864232
