timestep,config_from,config_to,weight
0,636806,638854,0.9536855792690145
1,638854,634758,0.5968302240813744
