timestep,config_from,config_to,weight
0,757638,765830,0.9143158720305193
1,765830,1027974,0.7867358668793154
2,1027974,1025926,0.5731900239015462
