timestep,config_from,config_to,weight
0,769959,769927,0.8369242442540232
1,769927,769926,0.5927001731848184
