timestep,config_from,config_to,weight
0,763522,763778,0.8443017467468317
1,763778,1025922,0.8874153044026482
2,1025922,1025926,0.7004168994110436
