timestep,config_from,config_to,weight
0,787334,788358,0.8154236543541287
1,788358,821126,0.8803662532153379
2,821126,886662,0.9711562355721507
3,886662,362374,0.6649621863006787
