timestep,config_from,config_to,weight
0,763778,1025922,0.8874153044026482
1,1025922,1025926,0.7004168994110436
