timestep,config_from,config_to,weight
0,759687,761735,0.9247566284629637
1,761735,769927,0.9522150109536945
2,769927,769926,0.5927001731848184
