timestep,config_from,config_to,weight
0,769943,769927,0.9457992823762672
1,769927,769926,0.5927001731848184
