timestep,config_from,config_to,weight
0,754560,623488,0.8782886829616443
1,623488,624512,0.76673418146056
2,624512,100224,0.5528412875718633
3,100224,362368,0.7297156639773867
