timestep,config_from,config_to,weight
0,786306,769922,0.8002380358208883
1,769922,769926,0.707372141476008
