timestep,config_from,config_to,weight
0,765830,1027974,0.7867358668793154
1,1027974,1025926,0.5731900239015462
