timestep,config_from,config_to,weight
0,782214,1044358,0.8423190448715812
1,1044358,1027974,0.6390566210315523
2,1027974,1025926,0.5731900239015462
