timestep,config_from,config_to,weight
0,765575,765831,0.8892731888566201
1,765831,1027975,0.8301325769039215
