timestep,config_from,config_to,weight
0,894855,1025927,0.9190362872030302
1,1025927,1025926,0.6245938532617195
