timestep,config_from,config_to,weight
0,894598,894854,0.883731948520532
1,894854,1025926,0.7551698137909288
