timestep,config_from,config_to,weight
0,886663,886662,0.9021012689940703
1,886662,362374,0.6649621863006787
