timestep,config_from,config_to,weight
0,885632,361344,0.854329656168787
1,361344,362368,0.6999594169829346
