timestep,config_from,config_to,weight
0,886660,886662,0.9146538013256191
1,886662,362374,0.6649621863006787
