timestep,config_from,config_to,weight
0,896898,634754,0.8724883515257353
1,634754,634758,0.5867541980209421
