timestep,config_from,config_to,weight
0,886658,886662,0.7930965885197269
1,886662,362374,0.6649621863006787
