timestep,config_from,config_to,weight
0,976775,1042311,0.9742161168842165
1,1042311,1025927,0.7542674233255979
2,1025927,1025926,0.6245938532617195
