timestep,config_from,config_to,weight
0,978831,1044367,0.9502115001232909
1,1044367,1044359,0.9822940943116028
2,1044359,1027975,0.6239326556300314
