timestep,config_from,config_to,weight
0,929282,994818,0.9099916765741676
1,994818,1027586,0.9755900829990626
2,1027586,1025538,0.7324627448433575
