timestep,config_from,config_to,weight
0,944007,976775,0.9226307279162473
1,976775,1042311,0.9742161168842165
2,1042311,1025927,0.7542674233255979
3,1025927,1025926,0.6245938532617195
