timestep,config_from,config_to,weight
0,910854,1041926,0.6683969768625719
1,1041926,1025542,0.5805536740483261
2,1025542,1025538,0.5377368980393449
