timestep,config_from,config_to,weight
0,910982,911238,0.8365570347001289
1,911238,894854,0.7933618989721728
2,894854,1025926,0.7551698137909288
