timestep,config_from,config_to,weight
0,913282,1044354,0.8737757612404566
1,1044354,1044358,0.8332103140518682
2,1044358,1027974,0.6390566210315523
3,1027974,1025926,0.5731900239015462
