timestep,config_from,config_to,weight
0,911238,894854,0.7933618989721728
1,894854,1025926,0.7551698137909288
