timestep,config_from,config_to,probability
0,1032070,769926,0.5507403268912534
0,1032070,1027974,0.7419227251278151
1,1027974,1025926,0.5731900239015462
1,1027974,1027975,0.5130725979371054
