timestep,config_from,config_to,probability
0,126854,651142,0.664262258923366
0,126854,388998,0.6232030628778806
0,126854,110470,0.6514882753831759
1,651142,634758,0.7503173674864232
1,388998,520070,0.6320072739897977
1,388998,372614,0.5634961989366528
1,388998,386950,0.5373132661029898
1,110470,634758,0.7607989686626138
1,110470,372614,0.5331866303769921
