timestep,config_from,config_to,probability
0,1041288,517000,0.6494550520986707
0,1041288,1041280,0.970411522223002
1,517000,516992,0.9624416768858708
1,1041280,516992,0.5914319013088974
