timestep,config_from,config_to,probability
0,100230,624518,0.5768177771114845
0,100230,362374,0.8869854411755853
1,624518,886662,0.743664262378855
1,624518,632710,0.5279064227772067
2,886662,362374,0.6649621863006787
2,886662,1017734,0.5803183199507547
2,886662,894854,0.5011228235584037
2,632710,894854,0.7226913530308423
2,632710,634758,0.7593730172950973
3,1017734,1025926,0.6914248017962052
3,894854,1025926,0.7551698137909288
3,894854,1025926,0.7551698137909288
