timestep,config_from,config_to,probability
0,378758,362374,0.8494136880408372
0,378758,386950,0.5275852660339517
