timestep,config_from,config_to,probability
0,362112,362368,0.9173308943106976
0,362112,361984,0.8443672853731656
