timestep,config_from,config_to,probability
0,1027982,1025934,0.5220850887575468
0,1027982,1027974,0.9865247309047536
0,1027982,1027983,0.5249760246710466
1,1025934,1025926,0.9890110233835752
1,1027974,1025926,0.5731900239015462
1,1027974,1027975,0.5130725979371054
1,1027983,1027975,0.9858758913077403
