timestep,config_from,config_to,probability
0,638886,769958,0.5955743864066533
0,638886,638854,0.8534653516706123
1,769958,769926,0.8256406381869349
1,638854,769926,0.5448929243080746
1,638854,634758,0.5968302240813744
