timestep,config_from,config_to,probability
0,370564,362372,0.7278812437848834
0,370564,370560,0.7700484951257155
0,370564,370566,0.8812698506070699
1,362372,362368,0.7286445557306264
1,362372,362374,0.8544048786549023
1,370560,362368,0.6820200551545904
1,370566,894854,0.516985660846272
1,370566,501638,0.5015080496604389
1,370566,362374,0.6789529769886289
2,894854,1025926,0.7551698137909288
2,501638,1025926,0.7664394553105242
