timestep,config_from,config_to,probability
0,886662,362374,0.6649621863006787
0,886662,1017734,0.5803183199507547
0,886662,894854,0.5011228235584037
1,1017734,1025926,0.6914248017962052
1,894854,1025926,0.7551698137909288
