timestep,config_from,config_to,probability
0,361346,362370,0.8393893922004987
0,361346,361350,0.7920058733245877
0,361346,361344,0.8098189803323301
1,362370,362374,0.8059750799604684
1,362370,362368,0.6552612529305903
1,361350,362374,0.8507758445339646
1,361344,362368,0.6999594169829346
