timestep,config_from,config_to,probability
0,360960,377344,0.6090843516290599
0,360960,361984,0.6434991557275478
1,377344,385536,0.5000341090424967
