timestep,config_from,config_to,probability
0,296836,362372,0.9639027189188846
0,296836,296832,0.6563134365588139
0,296836,296838,0.8123842296641792
1,362372,362368,0.7286445557306264
1,362372,362374,0.8544048786549023
1,296832,362368,0.9740583371417406
1,296838,362374,0.9731107431533096
