timestep,config_from,config_to,probability
0,311808,377344,0.9413568186991936
0,311808,311296,0.5363040062836814
1,377344,385536,0.5000341090424967
1,311296,376832,0.832018147936746
1,311296,278528,0.7362965377785051
2,376832,377344,0.736989681016911
3,377344,385536,0.5000341090424967
