timestep,config_from,config_to,probability
0,1017730,1025922,0.7364537213085693
0,1017730,1017734,0.7446183036994296
1,1025922,1025926,0.7004168994110436
1,1017734,1025926,0.6914248017962052
