timestep,config_from,config_to,probability
0,370630,362438,0.618311831475656
0,370630,370566,0.9913542875428499
1,362438,362374,0.9933639734841287
1,370566,894854,0.516985660846272
1,370566,501638,0.5015080496604389
1,370566,362374,0.6789529769886289
2,894854,1025926,0.7551698137909288
2,501638,1025926,0.7664394553105242
