timestep,config_from,config_to,probability
0,1017735,1025927,0.7712781028768025
0,1017735,1017734,0.7146031009443614
1,1025927,1027975,0.5662376392079653
1,1025927,1025926,0.6245938532617195
1,1017734,1025926,0.6914248017962052
