timestep,config_from,config_to,probability
0,329222,361990,0.9669191736432277
0,329222,329478,0.6446244250209252
1,361990,362246,0.6021840608916169
1,329478,362246,0.9606170212989426
1,329478,329606,0.692800134817235
2,362246,362374,0.8203304115691772
2,362246,362374,0.8203304115691772
2,329606,362374,0.98015165661925
