timestep,config_from,config_to,probability
0,1025924,1025920,0.8267173532736655
0,1025924,1025926,0.9555434434272027
1,1025920,1025922,0.6583489202935716
2,1025922,1025926,0.7004168994110436
