timestep,config_from,config_to,probability
0,501634,1025922,0.7805180121108464
0,501634,501638,0.7170057258477907
1,1025922,1025926,0.7004168994110436
1,501638,1025926,0.7664394553105242
