timestep,config_from,config_to,probability
0,638848,634752,0.764694105589681
0,638848,638850,0.6047839625466194
1,634752,634754,0.6094013253923004
1,638850,769922,0.6115036281450523
1,638850,634754,0.7681594005436553
1,638850,638854,0.7606480444123116
2,634754,634758,0.5867541980209421
2,769922,765826,0.5872563705691424
2,769922,769926,0.707372141476008
2,634754,634758,0.5867541980209421
2,638854,769926,0.5448929243080746
2,638854,634758,0.5968302240813744
