timestep,config_from,config_to,probability
0,362370,362374,0.8059750799604684
0,362370,362368,0.6552612529305903
