timestep,config_from,config_to,probability
0,508422,377350,0.7626115599655044
0,508422,516614,0.6935014793964571
0,508422,508678,0.6285280359141527
1,377350,385542,0.5035606686574602
1,516614,1040902,0.5592072869114522
1,516614,385542,0.5901906309601437
1,508678,377606,0.6278048715881821
1,508678,516870,0.527551576988077
1,508678,508806,0.7054782616460982
