timestep,config_from,config_to,probability
0,1041926,1025542,0.5805536740483261
1,1025542,1025538,0.5377368980393449
