timestep,config_from,config_to,probability
0,1048454,1032070,0.6334073560303655
0,1048454,1044358,0.7372214303747204
1,1032070,769926,0.5507403268912534
1,1032070,1027974,0.7419227251278151
1,1044358,1027974,0.6390566210315523
1,1044358,1044359,0.5292914382327143
2,1027974,1025926,0.5731900239015462
2,1027974,1027975,0.5130725979371054
2,1027974,1025926,0.5731900239015462
2,1027974,1027975,0.5130725979371054
2,1044359,1027975,0.6239326556300314
