timestep,config_from,config_to,probability
0,782214,1044358,0.8423190448715812
0,782214,651142,0.6239729983056627
0,782214,765830,0.7194017395015685
0,782214,786310,0.6171448209787629
1,1044358,1027974,0.6390566210315523
1,1044358,1044359,0.5292914382327143
1,651142,634758,0.7503173674864232
1,765830,1027974,0.7867358668793154
1,765830,634758,0.6604400393262677
1,765830,769926,0.6113611691307204
1,786310,1048454,0.5415444123356252
1,786310,769926,0.7144480883631512
2,1027974,1025926,0.5731900239015462
2,1027974,1027975,0.5130725979371054
2,1044359,1027975,0.6239326556300314
2,1027974,1025926,0.5731900239015462
2,1027974,1027975,0.5130725979371054
2,1048454,1032070,0.6334073560303655
2,1048454,1044358,0.7372214303747204
3,1032070,769926,0.5507403268912534
3,1032070,1027974,0.7419227251278151
3,1044358,1027974,0.6390566210315523
3,1044358,1044359,0.5292914382327143
4,1027974,1025926,0.5731900239015462
4,1027974,1027975,0.5130725979371054
4,1027974,1025926,0.5731900239015462
4,1027974,1027975,0.5130725979371054
4,1044359,1027975,0.6239326556300314
