timestep,config_from,config_to,probability
0,632322,634370,0.6075367864754411
0,632322,632320,0.507105735888987
