timestep,config_from,config_to,probability
0,1025539,1025543,0.6584413473210913
0,1025539,1025538,0.8479626980039419
1,1025543,1025671,0.6435314046645771
1,1025543,1025542,0.713229197689369
2,1025671,1025927,0.9101685970786715
2,1025671,1025670,0.53799983363002
2,1025542,1025538,0.5377368980393449
3,1025927,1027975,0.5662376392079653
3,1025927,1025926,0.6245938532617195
3,1025670,1025926,0.9353840160373482
3,1025670,1025542,0.5419267754806497
4,1025542,1025538,0.5377368980393449
