timestep,config_from,config_to,probability
0,638470,634374,0.7415038223835339
0,638470,638598,0.6296007269283116
1,634374,634502,0.5909115389065596
1,634374,634370,0.6570004714210054
1,638598,634502,0.709102683670948
1,638598,638854,0.9084332987132248
2,634502,634758,0.8576489548427669
2,634502,634758,0.8576489548427669
2,638854,769926,0.5448929243080746
2,638854,634758,0.5968302240813744
