timestep,config_from,config_to,probability
0,632710,894854,0.7226913530308423
0,632710,634758,0.7593730172950973
1,894854,1025926,0.7551698137909288
