timestep,config_from,config_to,probability
0,636806,632710,0.9061842948653652
0,636806,638854,0.9536855792690145
1,632710,894854,0.7226913530308423
1,632710,634758,0.7593730172950973
1,638854,769926,0.5448929243080746
1,638854,634758,0.5968302240813744
2,894854,1025926,0.7551698137909288
