timestep,config_from,config_to,probability
0,503687,1027975,0.8391974911953323
0,503687,503686,0.578779885804386
