timestep,config_from,config_to,probability
0,1041922,1025538,0.6890631185219331
0,1041922,1041926,0.5791929025599416
1,1041926,1025542,0.5805536740483261
2,1025542,1025538,0.5377368980393449
