timestep,config_from,config_to,probability
0,1040896,516608,0.5705107749524003
1,516608,385536,0.6346402927574054
