timestep,config_from,config_to,probability
0,1041286,1042310,0.638349910065423
1,1042310,1025926,0.7661146643222767
1,1042310,1044358,0.5794096736045903
2,1044358,1027974,0.6390566210315523
2,1044358,1044359,0.5292914382327143
3,1027974,1025926,0.5731900239015462
3,1027974,1027975,0.5130725979371054
3,1044359,1027975,0.6239326556300314
