timestep,config_from,config_to,probability
0,634374,634502,0.5909115389065596
0,634374,634370,0.6570004714210054
1,634502,634758,0.8576489548427669
