timestep,config_from,config_to,probability
0,377600,377344,0.7893177415635309
0,377600,377728,0.714711232057612
1,377344,385536,0.5000341090424967
1,377728,361344,0.6030019885169741
1,377728,385920,0.5182612254628991
2,361344,362368,0.6999594169829346
2,385920,516992,0.5080162393479701
