timestep,config_from,config_to,probability
0,377348,377344,0.8326584430305362
0,377348,377350,0.6605792473223231
1,377344,385536,0.5000341090424967
1,377350,385542,0.5035606686574602
