timestep,config_from,config_to,probability
0,769943,769975,0.7736148483089751
0,769943,769927,0.9457992823762672
1,769927,1032071,0.5193762100695078
1,769927,769926,0.5927001731848184
2,1032071,1027975,0.7689197195763046
2,1032071,1032070,0.5234660067786367
3,1032070,769926,0.5507403268912534
3,1032070,1027974,0.7419227251278151
4,1027974,1025926,0.5731900239015462
4,1027974,1027975,0.5130725979371054
