timestep,config_from,config_to,probability
0,632706,634754,0.7028012169207811
0,632706,632710,0.515492816425202
1,634754,634758,0.5867541980209421
1,632710,894854,0.7226913530308423
1,632710,634758,0.7593730172950973
2,894854,1025926,0.7551698137909288
