timestep,config_from,config_to,probability
0,894855,1025927,0.9190362872030302
0,894855,894854,0.8596082289576562
1,1025927,1027975,0.5662376392079653
1,1025927,1025926,0.6245938532617195
1,894854,1025926,0.7551698137909288
