timestep,config_from,config_to,probability
0,110464,634752,0.6536639703052358
1,634752,634754,0.6094013253923004
2,634754,634758,0.5867541980209421
