timestep,config_from,config_to,probability
0,0,262144,0.6770532243717149
0,0,16384,0.5650525247074512
1,262144,278528,0.6529241078084733
1,16384,278528,0.7522197769805778
