timestep,config_from,config_to,probability
0,1027970,1025922,0.6418610251061894
0,1027970,1027974,0.7572858147654482
1,1025922,1025926,0.7004168994110436
1,1027974,1025926,0.5731900239015462
1,1027974,1027975,0.5130725979371054
