timestep,config_from,config_to,probability
0,1044354,1027970,0.7392295944211266
0,1044354,1044358,0.8332103140518682
1,1027970,1025922,0.6418610251061894
1,1027970,1027974,0.7572858147654482
1,1044358,1027974,0.6390566210315523
1,1044358,1044359,0.5292914382327143
2,1025922,1025926,0.7004168994110436
2,1027974,1025926,0.5731900239015462
2,1027974,1027975,0.5130725979371054
2,1027974,1025926,0.5731900239015462
2,1027974,1027975,0.5130725979371054
2,1044359,1027975,0.6239326556300314
