timestep,config_from,config_to,probability
0,634498,634754,0.8104287829643941
0,634498,634370,0.5719188061547795
0,634498,634502,0.5018658400439493
0,634498,634496,0.6021876693710388
1,634754,634758,0.5867541980209421
1,634502,634758,0.8576489548427669
1,634496,634752,0.6441479787889796
2,634752,634754,0.6094013253923004
3,634754,634758,0.5867541980209421
