timestep,config_from,config_to,probability
0,769927,1032071,0.5193762100695078
0,769927,769926,0.5927001731848184
1,1032071,1027975,0.7689197195763046
1,1032071,1032070,0.5234660067786367
2,1032070,769926,0.5507403268912534
2,1032070,1027974,0.7419227251278151
3,1027974,1025926,0.5731900239015462
3,1027974,1027975,0.5130725979371054
