timestep,config_from,config_to,probability
0,362242,362370,0.7029047500608606
0,362242,362246,0.6827951614901082
1,362370,362374,0.8059750799604684
1,362370,362368,0.6552612529305903
1,362246,362374,0.8203304115691772
