timestep,config_from,config_to,probability
0,1027974,1025926,0.5731900239015462
0,1027974,1027975,0.5130725979371054
