timestep,config_from,config_to,probability
0,1025927,1027975,0.5662376392079653
0,1025927,1025926,0.6245938532617195
