timestep,config_from,config_to,probability
0,638854,769926,0.5448929243080746
0,638854,634758,0.5968302240813744
