timestep,config_from,config_to,probability
0,110470,634758,0.7607989686626138
0,110470,372614,0.5331866303769921
