timestep,config_from,config_to,probability
0,1027968,1025920,0.698373220012186
0,1027968,1027970,0.713421030372559
1,1025920,1025922,0.6583489202935716
1,1027970,1025922,0.6418610251061894
1,1027970,1027974,0.7572858147654482
2,1025922,1025926,0.7004168994110436
2,1025922,1025926,0.7004168994110436
2,1027974,1025926,0.5731900239015462
2,1027974,1027975,0.5130725979371054
