timestep,config_from,config_to,probability
0,626566,634758,0.8270998223753709
0,626566,624518,0.5754747790629022
