timestep,config_from,config_to,probability
0,520070,1044358,0.6915726708850629
0,520070,503686,0.5241197279316845
1,1044358,1027974,0.6390566210315523
1,1044358,1044359,0.5292914382327143
1,503686,1027974,0.7828240474412461
1,503686,501638,0.5959851499317124
2,1027974,1025926,0.5731900239015462
2,1027974,1027975,0.5130725979371054
2,1044359,1027975,0.6239326556300314
2,1027974,1025926,0.5731900239015462
2,1027974,1027975,0.5130725979371054
2,501638,1025926,0.7664394553105242
