p_ind,p_val
1025926,0.02116768805233634
1027974,0.01754665166884335
1027975,0.015914699718411706
362374,0.01288054466398563
1025927,0.012290465532404439
