question_id,probability
1,0.5861248743009432
2,0.6707966752717404
3,0.5458278653765607
4,0.9026893789539541
5,0.9049190347524635
6,0.3663660340582936
7,0.6746774159254605
8,0.19627476630502194
9,0.43969020992917024
10,0.7511911394492654
11,0.904613048655142
12,0.7137982921399375
13,0.7257517831435198
14,0.07197908019440691
15,0.091030530029088
16,0.07682622327742474
17,0.08312051971577047
18,0.5794686810355827
19,0.6875862413401502
20,0.26383968154677107
