question_id,mean
1,0.2349869451697128
2,0.3785900783289817
3,0.1409921671018277
4,0.8955613577023499
5,0.9216710182767625
6,-0.29765013054830286
7,0.4177545691906005
8,-0.6005221932114883
9,-0.07049608355091384
10,0.5326370757180157
11,0.9347258485639687
12,0.5013054830287206
13,0.5195822454308094
14,-0.9660574412532638
15,-0.9033942558746736
16,-0.9373368146214099
17,-0.9373368146214099
18,0.2193211488250653
19,0.46475195822454307
20,-0.4386422976501306
